author,title,language,token_list_length,node_count,edge_count,average_degree,median_degree,diameter,average_distance,betweenness_min,betweenness_max,betweenness_average,betweenness_standard_deviation,average_clustering,powerlaw_alpha_value,powerlaw_xmin_value,lin_reg_approximation,assortativity_coefficient,stopwords_removed,link_distance,fixed_token_count
Austen,Anna,de,25396,3104,14881,9.58827319587629,2,6,2.79007553381995,0,0.248385144080291,0.000577071416447437,0.00653717015924068,0.413847485466196,2.1460363091462,9,-1.12187733958384,-0.258536128947773,False,1,25396
Austen,Mansfield,de,25396,3615,15537,8.59585062240664,2,6,2.87726078313857,0,0.229235491330342,0.000519585049304891,0.00587812156174281,0.35469691867779,2.16479712237079,8,-1.17017556087769,-0.258320490953761,False,1,25396
Hesse,Steppenwolf,de,25396,4545,16684,7.34169416941694,2,6,2.8649105579572,0,0.28172547461296,0.000410501993827252,0.00653379923854111,0.379795563120483,2.17567688051185,7,-1.35900883794942,-0.225371230249183,False,1,25396
Hesse,Siddhartha,en,25396,2337,12918,11.0551989730424,3,5,2.67745792814814,0,0.185911882608369,0.000718397399635176,0.00715435150195686,0.47347122621326,2.20659783964956,14,-0.934902798908708,-0.31115085252833,False,1,25396
Hesse,Demian,de,25396,3500,15042,8.59542857142857,2,6,2.77656228310129,0,0.265342968094043,0.000507879440566408,0.0069228521283558,0.448905315951853,2.48597816978539,82,-1.20966958864094,-0.253738294358347,False,1,25396
Nietzsche,Jenseits,de,25396,4335,16520,7.62168396770473,2,8,2.89239632550542,0,0.343181630165837,0.000436740439765848,0.0069046398973937,0.404338415669809,2.16470540334303,7,-1.25358338815607,-0.21593108886137,False,1,25396
Hesse,Demian,en,25396,2739,13696,10.0007301935013,3,5,2.7104729429705,0,0.196522061856517,0.000624944443905919,0.00670223908394114,0.47677484887654,2.18498733586604,12,-1.05228722230257,-0.32260423079481,False,1,25396
Nietzsche,Goetzen,de,25396,4202,15923,7.57877201332699,2,9,2.8525714226152,0,0.426980102493674,0.000441088433956001,0.00738972294835779,0.40499950197703,2.15415765560418,19,-1.26349380743316,-0.192249841651981,False,1,25396
Kafka,Amerika,en,25396,2787,13621,9.77466810190169,2,6,2.78658271623637,0,0.185648310373397,0.000641501872975356,0.00627940125024435,0.423786689524267,2.16745047335524,11,-1.07643122334842,-0.316298535112392,False,1,25396
Kafka,Schloss,en,25396,2401,12879,10.7280299875052,3,6,2.7654182285159,0,0.141408527545395,0.000735897552528511,0.00618347614923557,0.435422722882566,2.14503432195911,14,-1.01733938364679,-0.336292877413598,False,1,25396
Austen,Verstand,en,25396,2378,13844,11.6433978132885,4,5,2.62988062286002,0,0.146193138732025,0.000685976693122904,0.00672262649700314,0.486255087192518,2.22798330713904,10,-0.978728167145422,-0.344740064676868,False,1,25396
Hesse,Steppenwolf,en,25396,3372,15113,8.9638196915777,2,6,2.69911283633729,0,0.281281250361252,0.00050418778526329,0.00700977491218827,0.473230599705949,2.24876509965687,6,-1.13826677890027,-0.29498961389617,False,1,25396
Nietzsche,Zarathustra,en,25396,2791,13877,9.94410605517736,2,6,2.71271226381778,0,0.241105312385109,0.000614095469278514,0.00696740781743496,0.491427701973057,2.1084339458918,6,-1.08293696772137,-0.282674990824334,False,1,25396
Nietzsche,Menschliches,de,25396,4036,16158,8.00693756194252,2,20,2.92670500808707,0,0.407428976962244,0.00047761651167255,0.00745197814229976,0.373258164859041,2.21424567003549,22,-1.22714656240865,-0.192285118864521,False,1,25396
Austen,Stolz,de,25396,3445,15630,9.07402031930334,2,7,2.83005449834718,0,0.229986122069698,0.000531529043957938,0.00620227802548674,0.372263785808722,2.24240936000982,16,-1.1350487030208,-0.257711013376186,False,1,25396
Austen,Anna,en,25396,2676,14267,10.6629297458894,3,6,2.72145956442172,0,0.196399102914053,0.00064377695004552,0.00655391506623448,0.435376471906999,2.18584853514345,12,-0.990215762530618,-0.306778947538072,False,1,25396
Kafka,Amerika,de,25396,3573,15052,8.42541281835992,2,7,2.86681215248493,0,0.320139666832594,0.000522770135111995,0.00664819017081666,0.375571969447954,2.09752592308597,10,-1.23040990306041,-0.221101343372739,False,1,25396
Austen,Verstand,de,25396,3375,15187,8.9997037037037,2,10,2.85393365386726,0,0.220917758472588,0.00054963938744953,0.00612086824696666,0.385159775172429,2.25206567791208,8,-1.17328965940959,-0.265968460659734,False,1,25396
Kafka,Prozess,en,25396,1950,11941,12.2471794871795,4,6,2.69432424254384,0,0.156569581795342,0.000869776305207312,0.00668318909149196,0.443167940914085,2.14769674169043,14,-0.922532955205189,-0.333497467380806,False,1,25396
Austen,Mansfield,en,25396,2423,13593,11.2199752373091,3,6,2.6983378733872,0,0.169849726621561,0.000701502632543245,0.00661614019828202,0.459519467407127,2.21556163301713,14,-0.945301738160693,-0.324164453627779,False,1,25396
Nietzsche,Goetzen,en,25396,3429,14688,8.56692913385827,2,11,2.81988329346813,0,0.212549291853825,0.000531042688493764,0.00645082543627174,0.415026074513198,2.24850420023341,18,-1.1887324507993,-0.295829689303041,False,1,25396
Nietzsche,Geburt,en,25396,3579,15022,8.39452360994691,2,11,2.83983397344081,0,0.289644488404618,0.000514351124808725,0.00692581612432566,0.401690241322164,2.27364964425339,15,-1.19610910118499,-0.258302933974066,False,1,25396
Hesse,Siddhartha,de,25396,3058,14329,9.37148463047744,2,6,2.75615261203474,0,0.276550257478671,0.000574657268335974,0.00734330853702775,0.434096078579801,2.31974157299205,26,-1.0413461296325,-0.24717078987287,False,1,25396
Hesse,Camenzind,en,25396,3964,16412,8.28052472250252,2,9,2.84970436680567,0,0.260215919454918,0.000466861273802541,0.00617620471060438,0.372350409538963,2.29018069781381,13,-1.20685848802813,-0.267235259547214,False,1,25396
Hesse,Camenzind,de,25396,4776,17225,7.21314907872697,2,11,2.89084260745262,0,0.326285116883093,0.00039607092740943,0.00673114269323437,0.361902243341685,2.22473500479601,9,-1.34992903870166,-0.212574118273781,False,1,25396
Kafka,Prozess,de,25396,3088,14184,9.18652849740933,2,6,2.8222514270944,0,0.298657899032193,0.000590489768987168,0.00681480045608726,0.408034595100318,2.14200205934869,10,-1.15777444535512,-0.243182001203512,False,1,25396
Nietzsche,Zarathustra,de,25396,2918,14014,9.60520904729267,2,7,2.70099647477868,0,0.274797505066554,0.000583332124409698,0.00782295314274075,0.469573930355863,2.11797165660274,6,-1.12258868416324,-0.24286627109675,False,1,25396
Nietzsche,Geburt,de,25396,4449,16142,7.25646212632052,2,7,2.83084025025428,0,0.449346632897845,0.000411702327468918,0.00764265191010797,0.384753464444655,2.20822007538573,7,-1.33294224311939,-0.187948913908455,False,1,25396
Nietzsche,Jenseits,en,25396,3621,15397,8.50428058547363,2,9,2.83792731472793,0,0.25381811671305,0.000507855019267181,0.00666439255287272,0.428506734915322,2.25424296870609,13,-1.20823958321445,-0.280488563367186,False,1,25396
Kafka,Verwandlung,de,19504,2881,12032,8.35265532801111,2,6,2.86424539126075,0,0.309174507669387,0.000647532265113147,0.00739844067593319,0.366556831723645,2.14615230768916,11,-1.16516884305367,-0.224264931493651,False,1,25396
Kafka,Verwandlung,en,22933,2040,11662,11.4333333333333,4,6,2.69764686649549,0,0.175204795916446,0.000832996499752451,0.00716030744858459,0.446110378218466,2.19923062972511,15,-0.906020895790513,-0.317249937677681,False,1,25396
Kafka,Schloss,de,25396,3207,14292,8.91300280636109,2,6,2.84737671278576,0,0.277062347557687,0.00057640459057278,0.00649297289314514,0.402779248493371,2.0993887289318,10,-1.13747529297458,-0.24794116547488,False,1,25396
Nietzsche,Menschliches,en,25396,2981,14953,10.0322039584032,3,16,2.80159218675774,0,0.242321174441684,0.000604764077461478,0.00703784300091335,0.441883934393451,2.28979442170301,20,-1.04824718829542,-0.282655068996963,False,1,25396
Austen,Stolz,en,25396,2334,13491,11.560411311054,4,6,2.67564371112877,0,0.145868932231749,0.000718543615406846,0.00658178526340067,0.471905029789395,2.20388289846463,11,-0.953336044066763,-0.342686874827191,False,1,25396
Austen,Anna,de,25396,3104,27839,17.9375,4,4,2.45786522686725,0,0.239363311144841,0.000469975895186089,0.00591584731984815,0.65211005811411,2.13116655866776,11,-0.183459609824754,-0.273179291685062,False,2,25396
Austen,Mansfield,de,25396,3615,29521,16.3325034578147,4,4,2.52279065352888,0,0.22538021589924,0.000421475409224712,0.00534149530896644,0.641049886448525,2.12131071598191,12,-0.29262472953924,-0.272098199783679,False,2,25396
Hesse,Steppenwolf,de,25396,4545,31108,13.6888888888889,4,4,2.51862304188165,0,0.27443479668917,0.000334277579106681,0.0059693986172506,0.626768376185508,2.21864813303005,10,-0.511889909348354,-0.222349008917243,False,2,25396
Hesse,Siddhartha,en,25396,2337,23886,20.4415917843389,7,4,2.38706836419482,0,0.170497190393307,0.000594033560683005,0.00621191362451179,0.653881938105763,2.43118157024823,63,-0.213616503573645,-0.299271263582526,False,2,25396
Hesse,Demian,de,25396,3500,27600,15.7714285714286,4,4,2.45280496468379,0,0.23294566862015,0.000415324461030243,0.00631761660119992,0.659017461258894,2.11137679161028,10,-0.393475237096303,-0.254745296892709,False,2,25396
Nietzsche,Jenseits,de,25396,4335,30800,14.2099192618224,4,6,2.53315758182531,0,0.333735313534877,0.000353832813714589,0.00637253954232022,0.627344779742777,2.17939875750628,11,-0.522657815018135,-0.208107990261962,False,2,25396
Hesse,Demian,en,25396,2739,25497,18.6177437020811,6,4,2.39968440066128,0,0.151308537456878,0.000511393642916069,0.00588842888483815,0.669374694660111,2.20706703373457,26,-0.220018879196588,-0.313265681087304,False,2,25396
Nietzsche,Goetzen,de,25396,4202,29733,14.151832460733,4,6,2.50049981300207,0,0.425936934544683,0.000357261860238589,0.00713202858777932,0.625144866989648,2.14704895348115,11,-0.579340747885224,-0.18901142589208,False,2,25396
Kafka,Amerika,en,25396,2787,25833,18.5382131324004,4,4,2.44405069068753,0,0.183924553013372,0.000518510122329456,0.00558330348752232,0.666387992315912,2.13198411319775,22,-0.103731443861299,-0.314471443149143,False,2,25396
Kafka,Schloss,en,25396,2401,24158,20.1232819658476,6,4,2.43659725114536,0,0.147073919028067,0.000598831701186059,0.00548005904615267,0.664889003553977,2.23012384726113,37,0.00299837083429245,-0.3336008316575,False,2,25396
Austen,Verstand,en,25396,2378,25817,21.713204373423,8,4,2.35595079421411,0,0.130959490534017,0.000570686361201223,0.00571265145716585,0.654004484734959,2.20811665938964,18,-0.0707628001604522,-0.324835704130112,False,2,25396
Hesse,Steppenwolf,en,25396,3372,27994,16.6037959667853,4,4,2.4011803629661,0,0.223764748903934,0.000415780523135341,0.00609735601652914,0.651958401575399,2.20562299430627,11,-0.264278327082949,-0.284668332235617,False,2,25396
Nietzsche,Zarathustra,en,25396,2791,25942,18.5897527767825,4,4,2.43167169434781,0,0.197933607544025,0.000513327964986665,0.00610423405106037,0.669334902595083,2.0774921577889,11,-0.248708736024938,-0.285266456825136,False,2,25396
Nietzsche,Menschliches,de,25396,4036,30437,15.0827552031715,4,11,2.52182931067726,0,0.405009819828929,0.000377250696746966,0.00709781994806503,0.62392523562077,2.14178412176488,11,-0.452918923122603,-0.193285323699804,False,2,25396
Austen,Stolz,de,25396,3445,29660,17.2191582002903,4,5,2.4905196812698,0,0.211667716680931,0.000432913064557013,0.00545229138668524,0.619789749288119,2.27620463839341,38,-0.0764852919653159,-0.270712908142827,False,2,25396
Austen,Anna,en,25396,2676,26825,20.0485799701046,7,4,2.41510470363075,0,0.146588914942168,0.000529208939278516,0.00569657728696043,0.64822553917615,2.18614658201933,24,-0.00504903062435313,-0.302252102884338,False,2,25396
Kafka,Amerika,de,25396,3573,28231,15.802406940946,4,5,2.50285408574762,0,0.318696230924549,0.000420849645966851,0.00627127249825723,0.657763746093553,2.09230824968061,10,-0.379478949933498,-0.236653273188357,False,2,25396
Austen,Verstand,de,25396,3375,28811,17.0731851851852,4,6,2.49582699949505,0,0.205039534778778,0.000443470797359932,0.00545011008817118,0.633645010268492,2.20937528855512,28,-0.182540755921378,-0.280825630562465,False,2,25396
Kafka,Prozess,en,25396,1950,22405,22.9794871794872,8,4,2.37258502058913,0,0.141419531415484,0.000704612433567313,0.00581000831796347,0.674309433409166,2.20447932753658,28,0.0976436595422887,-0.342427846815523,False,2,25396
Austen,Mansfield,en,25396,2423,25571,21.1068922822947,7,4,2.39656225962792,0,0.133757192087688,0.00057685347361748,0.00573893990990447,0.663357188962171,2.21007837922376,26,0.035560839883499,-0.315089331473342,False,2,25396
Nietzsche,Goetzen,en,25396,3429,27668,16.1376494604841,4,6,2.47053684119901,0,0.214967525288504,0.000429103251006423,0.00583559369684745,0.64535330015814,2.22791162897791,15,-0.356834057198416,-0.272950135568634,False,2,25396
Nietzsche,Geburt,en,25396,3579,28228,15.774238614138,4,7,2.45784060207118,0,0.275421861263922,0.000407559575641928,0.00632932490822315,0.636139097190255,2.2751337726069,22,-0.272589571108778,-0.247198791538756,False,2,25396
Hesse,Siddhartha,de,25396,3058,26084,17.0595160235448,4,5,2.4474410657931,0,0.269325824189384,0.000473639092209783,0.00672736873632358,0.645484094424084,2.38058092450723,49,-0.414336468021995,-0.243684585245743,False,2,25396
Hesse,Camenzind,en,25396,3964,30940,15.6104944500505,4,5,2.49544309076923,0,0.212180001846765,0.000377446514580826,0.00545511958027852,0.609202585902569,2.28349671441027,22,-0.217804674582527,-0.260312657752835,False,2,25396
Hesse,Camenzind,de,25396,4776,32172,13.4723618090452,4,7,2.51073736921957,0,0.283230849645198,0.000316451061839039,0.00612380811123825,0.616284601688764,2.23208371716753,14,-0.459437670104396,-0.211891765090979,False,2,25396
Kafka,Prozess,de,25396,3088,26542,17.190414507772,4,4,2.47234579743568,0,0.284791603491395,0.000477104924638911,0.00622198416010638,0.657812111916182,2.14379223398552,21,-0.241065363703045,-0.264804591513667,False,2,25396
Nietzsche,Zarathustra,de,25396,2918,25893,17.7470870459219,4,4,2.40775435906316,0,0.256404662009064,0.000482768984589563,0.00699355575963029,0.665515517615044,2.0876647239674,14,-0.362541405277909,-0.247529465530772,False,2,25396
Nietzsche,Geburt,de,25396,4449,30364,13.6498089458305,4,5,2.45509277001864,0,0.447853048098355,0.000327207728810129,0.00734061942276096,0.624947745776125,2.20333935621271,12,-0.605055209383335,-0.185001526884297,False,2,25396
Nietzsche,Jenseits,en,25396,3621,28866,15.943661971831,4,6,2.49232652986492,0,0.203044184941204,0.000412358809025953,0.00585873483083159,0.638010433845197,2.23817227367003,24,-0.248330605726894,-0.267636788648232,False,2,25396
Kafka,Verwandlung,de,19504,2881,22569,15.6674765706352,4,4,2.47666970380655,0,0.329895327614606,0.000512910630012695,0.0072438112268781,0.642578316484075,2.14812042044183,22,-0.337249277831211,-0.232518176505372,False,2,25396
Kafka,Verwandlung,en,22933,2040,22081,21.6480392156863,7,4,2.37725432497668,0,0.165874182957051,0.000675787205582277,0.00621564158285972,0.662809943407756,2.26923019601101,37,0.0383977520425191,-0.322325719206967,False,2,25396
Kafka,Schloss,de,25396,3207,26765,16.6916120985345,4,4,2.50127576898709,0,0.270601934124531,0.000468416776595037,0.00597895465092011,0.655045245736993,2.10176818062143,15,-0.318124504951203,-0.264451777049788,False,2,25396
Nietzsche,Menschliches,en,25396,2981,27765,18.6279771888628,6,10,2.44111768268384,0,0.238839848937338,0.000483758873005654,0.00636875653660306,0.636002384909249,2.32481634603264,36,-0.135558073402966,-0.263682770913416,False,2,25396
Austen,Stolz,en,25396,2334,25401,21.7660668380463,8,4,2.37694330919841,0,0.126094772109162,0.000590455964493316,0.00564078256958227,0.652311714270103,2.24036614644048,25,0.20601942813329,-0.33158397466208,False,2,25396
Austen,Anna,de,13062,3089,11461,7.42052444156685,2,9,3.47301137078418,0,0.169074009106151,0.000801105076379715,0.0047429470005796,0.0883663209788301,2.37216885087374,8,-1.09786739033297,-0.0841107879560455,True,1,13062
Austen,Mansfield,de,13062,3518,11317,6.43376918703809,2,9,3.62819331362667,0,0.205748305980863,0.000747495254160033,0.00504782209023563,0.0732602881322316,2.88804924866965,37,-1.20161955275369,-0.0814363329986494,True,1,13062
Hesse,Steppenwolf,de,13062,4554,12301,5.40228370663153,2,11,4.06241417025515,0,0.155796262960662,0.000672762339686985,0.00377495181085281,0.0450092721166766,2.89698631352629,24,-1.32243060592441,-0.0145976691381692,True,1,13062
Hesse,Siddhartha,en,13062,2298,10359,9.01566579634465,4,8,3.29631035751404,0,0.152791729020764,0.00100013517313329,0.00521775787323453,0.130476405406663,3.46683761289038,53,-0.885813689284318,-0.0781119842732796,True,1,13062
Hesse,Demian,de,13062,3685,11892,6.45427408412483,2,10,3.72857079718376,0,0.0735692390226097,0.000740855497470475,0.00374164570085063,0.0696411446179222,2.35239394771495,6,-1.16859524700177,-0.0514755446917123,True,1,13062
Nietzsche,Jenseits,de,13062,4195,11778,5.61525625744934,2,11,3.83050091992477,0,0.200936020617445,0.00067505388025871,0.00553012328108485,0.088401689214347,2.48562813282065,8,-1.30076374743719,-0.0840447576824332,True,1,13062
Hesse,Demian,en,13062,2818,11316,8.03122782114975,3,7,3.4626888910556,0,0.121260488622726,0.000874534407335084,0.00425200220348254,0.0893511402998305,2.63181850869011,20,-0.983811273663532,-0.0560301385841933,True,1,13062
Nietzsche,Goetzen,de,13062,4076,11724,5.75269872423945,2,13,3.79116853404938,0,0.166479594829317,0.000685117460493221,0.00521570088890194,0.0850512079185229,2.81390629927147,25,-1.2919156081592,-0.0884840800348944,True,1,13062
Kafka,Amerika,en,13062,2743,10303,7.51221290557784,2,8,3.31652534812438,0,0.32152426446014,0.000845138762540818,0.00724837927686236,0.138405929002394,2.64330269318801,24,-1.09232506568971,-0.100882098858641,True,1,13062
Kafka,Schloss,en,13062,2354,9714,8.25318606627018,3,7,3.20007142132407,0,0.329583700461651,0.000935404515869076,0.00808534487609255,0.156485068424581,2.98268215771115,34,-0.948368368512713,-0.106964455657599,True,1,13062
Austen,Verstand,en,13062,2380,10903,9.16218487394958,4,7,3.26027389518229,0,0.27343044583094,0.000950493648100204,0.00640554128451145,0.102866259740208,3.1663405853139,38,-0.812504576933612,-0.0776595290217583,True,1,13062
Hesse,Steppenwolf,en,13062,3549,12106,6.82220343758805,2,8,3.74652100421765,0,0.0861995112868346,0.000774322245339061,0.00346030054892705,0.0543471347206987,2.45183634466141,10,-1.14410097775481,-0.00226804904919316,True,1,13062
Nietzsche,Zarathustra,en,13062,2725,10429,7.6543119266055,2,9,3.34685823599941,0,0.154136443035447,0.000861864941608302,0.00510746475442447,0.14517294425856,2.31307936284578,12,-1.11033502996489,-0.109914024086753,True,1,13062
Nietzsche,Menschliches,de,13062,4027,12132,6.02532902905389,2,20,3.91960760149665,0,0.23603684395047,0.000725368348197926,0.00489080724404917,0.0535297389204459,2.43995552416253,8,-1.19604664198971,-0.0524032365739342,True,1,13062
Austen,Stolz,de,13062,3280,11119,6.77987804878049,2,9,3.56204152068968,0,0.176934450919046,0.000781586797037731,0.00546670587123952,0.0773972269185353,2.91093098180722,22,-1.11310175242024,-0.088591082632343,True,1,13062
Austen,Anna,en,13062,2672,11242,8.41467065868264,3,9,3.4434329581197,0,0.0825003242800905,0.000915143430007379,0.00409380015756787,0.0802816617467011,2.63767326481344,22,-0.969261485866551,-0.0544262848155408,True,1,13062
Kafka,Amerika,de,13062,3495,10977,6.28154506437768,2,11,3.50798712364462,0,0.177210804619955,0.000718003757127003,0.00545740732603226,0.114620562565655,2.49388541961955,18,-1.2926234762726,-0.124338406676686,True,1,13062
Austen,Verstand,de,13062,3314,11266,6.7990343995172,2,19,3.70885218177291,0,0.176465615884338,0.000817890151501481,0.00507544132215949,0.0789692261432295,2.89675927643837,24,-1.13808103543449,-0.079768463898039,True,1,13062
Kafka,Prozess,en,13062,1971,9875,10.0202942668696,4,7,3.14785197547175,0,0.12385645180252,0.00109083391339347,0.00572227692413402,0.152188901709363,2.72283953387918,27,-0.830485750800418,-0.115762882415755,True,1,13062
Austen,Mansfield,en,13062,2383,10797,9.06168694922367,4,8,3.34081777832273,0,0.093189470398322,0.00098312380441946,0.00444418783865363,0.0958049916015392,2.57454867854266,20,-0.874956517823635,-0.067749074466416,True,1,13062
Nietzsche,Goetzen,en,13062,3404,11509,6.762044653349,2,11,3.61892855305317,0,0.295745302657919,0.000769820268387177,0.00593037907697071,0.0818929125231415,3.43293763237626,50,-1.09113638354846,-0.0673419701483366,True,1,13062
Nietzsche,Geburt,en,13062,3597,11969,6.65499026966917,2,11,3.83623279565254,0,0.134291630555362,0.000788938190723933,0.00385365513130016,0.0518755932117188,2.52643415410316,12,-1.10526322002843,-0.0193532184312965,True,1,13062
Hesse,Siddhartha,de,13062,3026,10974,7.2531394580304,2,9,3.56061002987879,0,0.146779722384792,0.000846762576018119,0.00482133433249008,0.110245444238884,2.29981754482231,6,-1.05905069482946,-0.0653341881245543,True,1,13062
Hesse,Camenzind,en,13062,3897,12122,6.22119579163459,2,11,3.87731612112513,0,0.113986329656153,0.00073872044188065,0.00385038253872892,0.0438233442734819,3.04012093952883,29,-1.18214736135208,-0.0366985865574397,True,1,13062
Hesse,Camenzind,de,13062,4674,12357,5.28754813863928,2,12,4.12459809495659,0,0.106048185440857,0.000668792400461598,0.00355392944146146,0.035834747833658,3.066495129431,35,-1.32632441128989,-0.0359455087413411,True,1,13062
Kafka,Prozess,de,13062,3008,10398,6.91356382978723,2,9,3.38230918636656,0,0.162860059415718,0.000792518026070048,0.00601292042517301,0.137330452197563,2.64984314793606,20,-1.17288158225721,-0.13098703888139,True,1,13062
Nietzsche,Zarathustra,de,13062,3052,11131,7.29423328964613,2,9,3.47998743939314,0,0.128683457460615,0.000813110635866603,0.00427364667010026,0.106889155816957,2.34330986329224,12,-1.09161610370564,-0.080397847065421,True,1,13062
Nietzsche,Geburt,de,13062,4372,12131,5.54940530649588,2,11,3.91518205221431,0,0.224811533939779,0.000667089714465516,0.00462405809294092,0.0586620073538071,2.76764194471029,25,-1.36014039265153,-0.0586025930739574,True,1,13062
Nietzsche,Jenseits,en,13062,3577,11697,6.54011741682975,2,11,3.72534615574648,0,0.209063552937502,0.000762334589019993,0.00534825679957132,0.0777558250193298,3.3145742153263,43,-1.10676268341703,-0.0713268451637827,True,1,13062
Kafka,Verwandlung,de,9732,2769,8689,6.27591188154568,2,8,3.51560709298029,0,0.229161843627051,0.000909146040108526,0.00644778450842999,0.103614621045664,2.64943458468897,20,-1.21013380124632,-0.0987816819411209,True,1,13062
Kafka,Verwandlung,en,10558,1920,8549,8.90520833333333,3.5,7,3.25801415667883,0,0.1294766783145,0.00117727536844569,0.00590224065991957,0.136793391025902,2.90682038287583,30,-0.864502240224841,-0.0955918371721649,True,1,13062
Kafka,Schloss,de,13062,3106,10216,6.57823567289118,2,9,3.42817237013603,0,0.15525831844552,0.00078227202646135,0.00602599218265672,0.13767296619998,2.79165806818121,38,-1.1982188324371,-0.132356602131604,True,1,13062
Nietzsche,Menschliches,en,13062,3009,11858,7.88168826852775,3,15,3.67065514449559,0,0.10941993985196,0.000888146040736811,0.00393364282182018,0.0667357591891332,3.5589473309959,47,-0.955410457216304,-0.028811900184407,True,1,13062
Austen,Stolz,en,13062,2307,10419,9.03250975292588,4,8,3.31682187512571,0,0.177986439663835,0.00100512879614998,0.00565044743664467,0.104448336486521,3.14747677893939,41,-0.878831975009803,-0.0849843250772494,True,1,13062
Austen,Anna,de,13062,3089,22423,14.5179669796051,4,6,2.90625225394472,0,0.158388133253543,0.000617509638466057,0.00423173811792588,0.424826747957853,2.31575711174925,15,0.207857588806144,-0.108929744917534,True,2,13062
Austen,Mansfield,de,13062,3518,22484,12.7822626492325,4,6,2.98133066985775,0,0.175184380641767,0.000563518393019838,0.00437864390587482,0.427428339204771,2.52635980692831,35,0.149466403519061,-0.110995368388689,True,2,13062
Hesse,Steppenwolf,de,13062,4554,24134,10.5990338164251,4,7,3.30314547416506,0,0.138795413065923,0.000505963416995839,0.00322858655044763,0.408102475743756,2.84404258463349,45,-0.0765520397143208,-0.0417191349130066,True,2,13062
Hesse,Siddhartha,en,13062,2298,19701,17.1462140992167,7,5,2.81399585412994,0,0.115510078787457,0.000790067880718614,0.00446925822401181,0.42795985915162,3.71532375399313,102,-0.0787325351098351,-0.0998624481419849,True,2,13062
Hesse,Demian,de,13062,3685,23169,12.574762550882,4,7,3.08656274446541,0,0.0655200326814458,0.000566538893419879,0.00320589586074553,0.416112448138311,2.23892072802003,14,0.0244327391840334,-0.0770353664861706,True,2,13062
Nietzsche,Jenseits,de,13062,4195,22920,10.927294398093,4,7,3.13558946517046,0,0.173784099695941,0.000509322553105285,0.00477004321770555,0.434464454250805,2.42796646258462,18,-0.185589524402088,-0.0894130424206439,True,2,13062
Hesse,Demian,en,13062,2818,22011,15.6217175301632,7,5,2.91298294623563,0,0.100419058661321,0.000679326330339358,0.00361236455303484,0.404837226011373,2.65597559889595,39,0.0415760051510547,-0.0808476009425607,True,2,13062
Nietzsche,Goetzen,de,13062,4076,22751,11.1633954857704,4,8,3.12274309590179,0,0.138305965404659,0.000521046415292536,0.00438244587112706,0.437005706724565,2.8810818075278,53,-0.19542534037811,-0.0955351309987142,True,2,13062
Kafka,Amerika,en,13062,2743,20019,14.5964272694131,4,6,2.7924450886588,0,0.264332566292567,0.000653938376015617,0.00613523530996992,0.46253071364084,2.56114932900798,34,0.0609863606443364,-0.124055274392093,True,2,13062
Kafka,Schloss,en,13062,2354,18647,15.8428207306712,5,5,2.71753624596089,0,0.278877664987305,0.00073024500253439,0.00699348312120641,0.464011166209574,3.02263450003372,65,-0.0094392370274955,-0.128399941324306,True,2,13062
Austen,Verstand,en,13062,2380,21303,17.9016806722689,8,5,2.77711205541485,0,0.22147009837323,0.000747313732302293,0.00533254309784779,0.385952715503242,3.19559163830434,73,0.0482245097856573,-0.094620460651815,True,2,13062
Hesse,Steppenwolf,en,13062,3549,23714,13.3637644406875,4,6,3.10571598204934,0,0.0728088142900564,0.000593661117014194,0.00291192239131113,0.379021321317404,2.42534877491125,19,0.0953988898561344,-0.0342289321261897,True,2,13062
Nietzsche,Zarathustra,en,13062,2725,19928,14.6260550458716,4,6,2.84672567325439,0,0.117141917709853,0.000678195252755927,0.00434498678737294,0.469253820346772,2.31860442362431,22,-0.185589690269545,-0.140561580499672,True,2,13062
Nietzsche,Menschliches,de,13062,4027,23797,11.8187236155947,4,11,3.18830852500712,0,0.214395559368009,0.000543679136647732,0.00428625109470586,0.410130855666201,2.37007900507051,15,-0.0191349959304478,-0.0637842514341451,True,2,13062
Austen,Stolz,de,13062,3280,22067,13.455487804878,4,6,2.94240231629215,0,0.151154645426226,0.000592557143469234,0.00485883994532257,0.416053637485939,2.94948444080255,67,0.369346861097616,-0.108897072292539,True,2,13062
Austen,Anna,en,13062,2672,22197,16.6145209580838,7,6,2.88483926942072,0,0.0673554754223748,0.000705932310644466,0.00346769250077455,0.402690060366765,2.63934753627388,44,0.319223021767565,-0.0890896384334965,True,2,13062
Kafka,Amerika,de,13062,3495,21384,12.2369098712446,4,7,2.92093112001526,0,0.163216541000913,0.000549937337536577,0.00487094934223906,0.464678608874883,2.4734256567404,27,0.0221749146003527,-0.141771164108723,True,2,13062
Austen,Verstand,de,13062,3314,22327,13.4743512371756,4,11,3.04223664170389,0,0.150795010339299,0.000616617343509629,0.00437012526634772,0.404667932490518,2.89692490408822,56,0.244978427299575,-0.103095428450301,True,2,13062
Kafka,Prozess,en,13062,1971,18880,19.1577879249112,8,5,2.69170845276818,0,0.106387801540163,0.000859171382817768,0.00491149560806623,0.452511637695288,2.7783220287236,51,0.314899373990001,-0.150487512691425,True,2,13062
Austen,Mansfield,en,13062,2383,21172,17.7691984892992,7,6,2.81136041643985,0,0.0805409948201977,0.00076075615978154,0.00383246857237415,0.414475713591246,2.58476780142074,39,0.473945865938404,-0.11019226147452,True,2,13062
Nietzsche,Goetzen,en,13062,3404,22307,13.1063454759107,4,7,3.01507897400269,0,0.234219834076695,0.000592321861846763,0.00484564639816471,0.41181297743946,3.49724523878968,122,-0.204439437819357,-0.0797280713164794,True,2,13062
Nietzsche,Geburt,en,13062,3597,23617,13.131498470948,4,7,3.13972216990862,0,0.105477831024334,0.00059519392765191,0.00320344419974745,0.386858534321579,2.48707087660604,23,0.0972689328555225,-0.0493941827499675,True,2,13062
Hesse,Siddhartha,de,13062,3026,20991,13.8737607402512,4,6,2.98027715719959,0,0.146848659343887,0.000654853557274996,0.00434688061686417,0.434685331416229,2.23226155786725,11,-0.220809175911441,-0.0876225744893436,True,2,13062
Hesse,Camenzind,en,13062,3897,23936,12.2843212727739,4,6,3.17953208886528,0,0.0992016612983823,0.000559571781480175,0.0032911156431739,0.381449483884931,2.59670505200856,24,0.064959901715291,-0.0467403986346865,True,2,13062
Hesse,Camenzind,de,13062,4674,24461,10.466837826273,4,8,3.32403355761175,0,0.0900483732584045,0.00049743868955731,0.00305722808977811,0.403235106873222,2.8955685765506,43,0.151005461931609,-0.0550687385177617,True,2,13062
Kafka,Prozess,de,13062,3008,20147,13.3956117021277,4,6,2.84553417911398,0,0.150186646160219,0.000613950159385889,0.00531458569711713,0.462049259760908,2.63865512360613,37,0.0456039389994912,-0.145797833505812,True,2,13062
Nietzsche,Zarathustra,de,13062,3052,21345,13.9875491480996,4,6,2.93512858942753,0,0.120090056665505,0.000634468389976238,0.00372819589105471,0.45208025436946,2.35175068415766,24,-0.175427726405348,-0.105827078134958,True,2,13062
Nietzsche,Geburt,de,13062,4372,23830,10.9011893870082,4,7,3.19414870069155,0,0.19395965509327,0.00050209352418571,0.00393596078191385,0.412173163935204,2.79770350780799,49,-0.0148729532697471,-0.0702634767959532,True,2,13062
Nietzsche,Jenseits,en,13062,3577,22804,12.7503494548504,4,7,3.07272585415521,0,0.160954849014859,0.000579783455707752,0.00440804957670243,0.414487541766095,3.55756574059005,100,-0.0144389909335176,-0.0814185390138641,True,2,13062
Kafka,Verwandlung,de,9732,2769,16860,12.1776814734561,4,6,2.91471222473421,0,0.207604384092355,0.00069198128830293,0.00573938615940212,0.448848663446073,2.69063687390443,40,0.0666309265828552,-0.117465736824605,True,2,13062
Kafka,Verwandlung,en,10558,1920,16479,17.165625,7,5,2.75784045509814,0,0.11956824199788,0.00091649658764241,0.00511213958579924,0.43659728682857,3.03668431347192,60,0.225410971230995,-0.126292727926938,True,2,13062
Kafka,Schloss,de,13062,3106,19677,12.6703155183516,4,6,2.88097588896044,0,0.134109443860821,0.000605984500309419,0.00513334246154041,0.474060094549308,2.46349017544296,26,-0.0286813873871352,-0.151507182802602,True,2,13062
Nietzsche,Menschliches,en,13062,3009,23245,15.4503157195081,6,10,3.0321091247534,0,0.0925999292923131,0.000675792858248553,0.00334167907292649,0.387950319556751,2.37211334421981,22,0.163808349315446,-0.0586331627099308,True,2,13062
Austen,Stolz,en,13062,2307,20450,17.728651928912,8,6,2.78487434637445,0,0.143652125136323,0.000774348957212344,0.00491648957665776,0.420105306033345,2.79947945496668,50,0.529316920593512,-0.113533158052681,True,2,13062
Austen,Anna,de,38490,5433,30297,11.1529541689674,3,11,3.26796804668573,0,0.128217647145128,0.000417596767940662,0.0031000800992797,0.150267946283171,2.27036550305206,18,-0.899963493847988,-0.119120356683464,True,1,0
Austen,Mansfield,de,81527,9664,61911,12.8127069536424,4,8,3.18338759146824,0,0.13151440875411,0.000225976774111803,0.0023640770874228,0.164155642675056,2.25291729618946,28,-0.854685451544025,-0.124769780754653,True,1,0
Hesse,Steppenwolf,de,33858,7968,30117,7.55948795180723,2,11,3.68605704983862,0,0.0973055574537723,0.000337190189535352,0.00236876750956258,0.0835938963265503,2.69030264924056,42,-1.1140807008204,-0.0612342437126294,True,1,0
Hesse,Siddhartha,en,19340,2702,14706,10.8852701702443,4,7,3.17069835417483,0,0.136763164855895,0.000803962353398084,0.00446777292216875,0.160526022390103,3.56164941067387,73,-0.831450830746032,-0.0883196314115041,True,1,0
Hesse,Demian,de,22144,5131,19460,7.58526603001364,2,10,3.56478402311676,0,0.0842358052563047,0.0005000553759245,0.00308822509269851,0.101641417444088,3.15651552397097,70,-1.11851848963769,-0.0808938070397509,True,1,0
Nietzsche,Jenseits,de,30370,7402,26409,7.13563901648203,2,9,3.62461837514308,0,0.162560426261143,0.000354678158803119,0.00352913203238966,0.0995165049424625,2.37149145244548,16,-1.17870079027573,-0.0890826036581945,True,1,0
Hesse,Demian,en,24682,3941,20491,10.3988835320985,4,7,3.29333906079134,0,0.157321967239417,0.000582213521399173,0.00356419645289562,0.122018115286895,2.73424185950417,40,-0.835305526419249,-0.0740000084230178,True,1,0
Nietzsche,Goetzen,de,13062,4076,11724,5.75269872423945,2,13,3.79116853404938,0,0.166479594829317,0.000685117460493221,0.00521570088890194,0.0850512079185229,2.81390629927147,25,-1.2919156081592,-0.0884840800348944,True,1,0
Kafka,Amerika,en,49302,5342,33933,12.704230625234,4,7,3.0309085126671,0,0.293874027522287,0.000380319946192342,0.00457217133802055,0.224700724146851,2.00625154330102,6,-0.820711365226983,-0.113166032547293,True,1,0
Kafka,Schloss,en,60042,5064,39354,15.542654028436,4,6,2.9381479768815,0,0.292933879463096,0.000382881860308475,0.00450849713025362,0.252879165356418,3.55053440181374,181,-0.744815506737441,-0.120040343928547,True,1,0
Austen,Verstand,en,57956,4687,41732,17.8075528056326,4,9,2.95870863015828,0,0.224412749366051,0.000418080817536452,0.00379044380650084,0.209601733603014,2.94059321874106,100,-0.591633227905806,-0.118529671721621,True,1,0
Hesse,Steppenwolf,en,34856,5731,29569,10.3189670214622,4,8,3.36996123163482,0,0.132575525967329,0.000413677994699741,0.00274827150219939,0.105983665161652,2.19021953676141,8,-0.899634841411598,-0.0655247483230603,True,1,0
Nietzsche,Zarathustra,en,48135,6297,34854,11.0700333492139,3,10,3.17654617202399,0,0.152664046815533,0.00034575793042478,0.00302398602948214,0.200207162985476,2.30596616144389,29,-0.915544439217593,-0.147901531796733,True,1,0
Nietzsche,Menschliches,de,40514,8645,36572,8.46084441873916,2,18,3.5954639383851,0,0.194202496498317,0.000300296649124737,0.00270268503714345,0.0816934042676039,2.35495157786729,22,-1.04721975926568,-0.0664777087762566,True,1,0
Austen,Stolz,de,49225,6294,38540,12.2465840483,4,8,3.19294558174428,0,0.131804731722956,0.00034852917700958,0.00309945144011737,0.137999213625178,2.34685091057536,27,-0.806671035682137,-0.106096975990421,True,1,0
Austen,Anna,en,40115,4598,31174,13.5598086124402,4,11,3.1870916817642,0,0.0713490159502308,0.000475868512133203,0.00261720340860689,0.134096311011878,2.18837773655851,20,-0.747447518607606,-0.0989768060282305,True,1,0
Kafka,Amerika,de,46176,7219,35645,9.87532899293531,2,8,3.23267937189395,0,0.138882267458533,0.00030936391463128,0.00317151486917194,0.168997798768353,2.48035333758852,37,-0.979653735887351,-0.131386933088431,True,1,0
Austen,Verstand,de,58394,7116,44418,12.4839797639123,4,18,3.24021102761704,0,0.133371068260905,0.000314901746923958,0.00279472740000573,0.153394824464649,2.79120935198959,69,-0.822061214260785,-0.117161820672671,True,1,0
Kafka,Prozess,en,40862,3368,27050,16.062945368171,4,6,2.93006489562309,0,0.106549578455397,0.000573400147243937,0.00384757621153872,0.233991130306894,2.85738785259747,76,-0.64029474154909,-0.151812645142132,True,1,0
Austen,Mansfield,en,76352,6417,55204,17.2055477637525,4,8,3.06904028109561,0,0.0715428143130557,0.000322531610459175,0.00206955812512327,0.208013394275415,2.53314868017171,65,-0.735263977667957,-0.132147344176523,True,1,0
Nietzsche,Goetzen,en,15221,3750,13341,7.1152,2,11,3.56000085356095,0,0.311946485746733,0.000683031177577628,0.00578401489197203,0.0860254072374811,2.81544787089764,30,-1.07537554345162,-0.0684585377819036,True,1,0
Nietzsche,Geburt,en,23121,4858,20601,8.48126801152738,3,11,3.63793095118156,0,0.0863833814650764,0.00054323125024332,0.00272267965784508,0.0665097650845796,2.35654423359336,14,-0.980500675347611,-0.0298622512484015,True,1,0
Hesse,Siddhartha,de,17052,3477,14065,8.0903077365545,2,9,3.48032806742847,0,0.142002292233582,0.000713763472641286,0.00421515572211915,0.125563447550055,2.24137732811625,8,-1.01120067761986,-0.0735627049805147,True,1,0
Hesse,Camenzind,en,23906,5281,21316,8.07271350123083,2,14,3.63495973271821,0,0.128177893911097,0.00049913993800307,0.00316096065119303,0.0695948932315233,2.87101912397134,40,-1.00740901169999,-0.0558617770906567,True,1,0
Hesse,Camenzind,de,22819,6514,21171,6.50015351550507,2,14,3.86324806752665,0,0.0912965871783099,0.000439687971057532,0.00269241862596839,0.0511048540795122,2.84966364688056,37,-1.19540476343679,-0.0508225380001315,True,1,0
Kafka,Prozess,de,37311,5638,28012,9.93685704150408,3,8,3.17320888824113,0,0.14033613035939,0.000385594195926389,0.00384865786993256,0.186290915558204,2.67212191470815,56,-0.959689608322595,-0.13700713242141,True,1,0
Nietzsche,Zarathustra,de,44251,7396,34400,9.30232558139535,2,11,3.55647235078735,0,0.0951773619468233,0.000345749574085387,0.00258238687727371,0.153792838274952,2.32728528383727,29,-1.01861271403784,-0.0997118702589456,True,1,0
Nietzsche,Geburt,de,21351,5910,19408,6.5678510998308,2,10,3.7342481098694,0,0.221761811609223,0.000462804351704367,0.00370690656922708,0.0668371062535211,2.46552590847052,14,-1.21528384650407,-0.0641483625566118,True,1,0
Nietzsche,Jenseits,en,32188,6074,27575,9.07968389858413,2,11,3.49023213941714,0,0.168428321745426,0.000410117282512704,0.00343711746084062,0.0948286319217528,3.3608323212188,84,-0.99115945642427,-0.0803171447783879,True,1,0
Kafka,Verwandlung,de,9732,2769,8689,6.27591188154568,2,8,3.51560709298029,0,0.229161843627051,0.000909146040108526,0.00644778450842999,0.103614621045664,2.64943458468897,20,-1.21013380124632,-0.0987816819411209,True,1,0
Kafka,Verwandlung,en,10558,1920,8549,8.90520833333333,3.5,7,3.25801415667883,0,0.1294766783145,0.00117727536844569,0.00590224065991957,0.136793391025902,2.90682038287583,30,-0.864502240224841,-0.0955918371721649,True,1,0
Kafka,Schloss,de,54134,7277,41120,11.3013604507352,3,7,3.17130138764751,0,0.130795514272724,0.000298460671841582,0.00279489308225518,0.183188931285958,2.15333476493977,16,-0.941037265204179,-0.139443924580093,True,1,0
Nietzsche,Menschliches,en,43121,6124,37720,12.3187459177008,4,15,3.36155668154029,0,0.0702988962742419,0.000385749212927195,0.00207358453785326,0.101100543904864,2.34326186354615,29,-0.791668711642634,-0.0594049021248363,True,1,0
Austen,Stolz,en,59083,4269,42081,19.7146872803935,6,8,2.97002891094074,0,0.0916617561280308,0.000461689456512945,0.00265618677040999,0.177296625308053,2.80038325648112,83,-0.532806025999152,-0.11769200504285,True,1,0
Austen,Anna,de,38490,5433,58528,21.5453708816492,7,7,2.80346940247064,0,0.122100644039723,0.00033206949041993,0.00280142745081066,0.458999388704676,2.22459932516956,32,0.360009709096329,-0.150173384266404,True,2,0
Austen,Mansfield,de,81527,9664,120051,24.8449917218543,8,6,2.77551796450995,0,0.118146793852728,0.000183762985356028,0.00211731699629771,0.46214629091001,3.23418048876513,324,0.419404049888796,-0.151757084709979,True,2,0
Hesse,Steppenwolf,de,33858,7968,58366,14.6501004016064,4,7,3.10220998844128,0,0.0909311795871316,0.000263897814265789,0.0020659912962535,0.417324236254713,2.23728763011536,19,0.0107969049460703,-0.084653891034025,True,2,0
Hesse,Siddhartha,en,19340,2702,27733,20.5277572168764,8,5,2.74361361351212,0,0.105319448928312,0.000645782819819302,0.00388293029442383,0.439394197943727,2.03381111524363,11,-0.0142036751466093,-0.119173108724107,True,2,0
Hesse,Demian,de,22144,5131,37555,14.6384720327422,4,6,3.0053485236511,0,0.0708676677492977,0.000390982359846189,0.00266907866350183,0.428119616116224,3.22778463416261,134,0.0405175037141654,-0.103419541644736,True,2,0
Nietzsche,Jenseits,de,30370,7402,51320,13.8665225614699,4,6,3.03820131217069,0,0.150576308087516,0.000275432609752797,0.00301626590128882,0.438420483373651,2.28929465251059,26,-0.0657892209061854,-0.101334854486546,True,2,0
Hesse,Demian,en,24682,3941,39532,20.0619132199949,8,5,2.83476983475811,0,0.121331808819338,0.000465795845330823,0.00296435920964821,0.40860213509036,2.77103383088428,77,0.0804876718518634,-0.0987257780970599,True,2,0
Nietzsche,Goetzen,de,13062,4076,22751,11.1633954857704,4,8,3.12274309590179,0,0.138305965404659,0.000521046415292536,0.00438244587112706,0.437005706724565,2.8810818075278,53,-0.19542534037811,-0.0955351309987142,True,2,0
Kafka,Amerika,en,49302,5342,64623,24.1943092474729,8,5,2.65627351995621,0,0.251394179141383,0.000310163580516144,0.0039993863709405,0.48967552237159,2.97754441688106,149,0.0982474943140577,-0.139604331014585,True,2,0
Kafka,Schloss,en,60042,5064,73744,29.1248025276461,8,4,2.59408015091989,0,0.260227893363457,0.000314911132145376,0.00405721899244514,0.517283021333417,3.65211278935162,324,0.166834454487939,-0.152439385501386,True,2,0
Austen,Verstand,en,57956,4687,79312,33.8433966289738,8,6,2.61792012687357,0,0.181238303998115,0.000345340475319866,0.00318526959694088,0.462820185487906,2.98824594490226,183,0.110053201807934,-0.153120991522695,True,2,0
Hesse,Steppenwolf,en,34856,5731,56944,19.8722735997208,8,5,2.90306118129776,0,0.0983246352831022,0.000332180342345568,0.00228509665947387,0.399202914134607,2.13582785967857,15,0.112164348239958,-0.0933388611989293,True,2,0
Nietzsche,Zarathustra,en,48135,6297,65682,20.861362553597,6,6,2.78253071842565,0,0.116774654433943,0.000283166118892081,0.00257759794461457,0.498628276160215,2.35070547498463,56,-0.134054116123497,-0.174341189134205,True,2,0
Nietzsche,Menschliches,de,40514,8645,71142,16.4585309427415,4,10,3.0352729080024,0,0.174391987848792,0.000235482229318801,0.00238446323646215,0.417884097131967,2.44007388858963,50,0.088607560995364,-0.0821915780182018,True,2,0
Austen,Stolz,de,49225,6294,75506,23.9930092151255,8,5,2.76028731668352,0,0.113334026949423,0.00027976594352885,0.00278283814498366,0.43433412138142,2.87385450730772,132,0.603068403677378,-0.131380308464745,True,2,0
Austen,Anna,en,40115,4598,60002,26.099173553719,8,7,2.76515131802489,0,0.0610157091891423,0.00038406251480089,0.00227341350509431,0.448982412790606,2.25388637254104,46,0.38029639900095,-0.139966924734769,True,2,0
Kafka,Amerika,de,46176,7219,68470,18.9693863415986,4,6,2.80051487387179,0,0.132858611923914,0.000249482454464707,0.00287720401769801,0.476033195891383,2.80647993696531,149,0.202163441525864,-0.147520366791409,True,2,0
Austen,Verstand,de,58394,7116,86460,24.3001686340641,8,10,2.79667282502942,0,0.115220570609422,0.00025255451574774,0.00245909356419821,0.446726545119046,2.80317730294736,134,0.43830270233555,-0.142520699802346,True,2,0
Kafka,Prozess,en,40862,3368,50784,30.1567695961995,8,5,2.57926892071785,0,0.0965169015640628,0.000469182685893598,0.00345801719530747,0.49590832891082,3.00823429149978,152,0.392211905824985,-0.186087271525832,True,2,0
Austen,Mansfield,en,76352,6417,104437,32.5501012934393,8,5,2.71416489553738,0,0.0600915476305108,0.000267211986833574,0.00185895634460614,0.492478270880832,2.52125872310585,118,0.26831789926876,-0.176174442745167,True,2,0
Nietzsche,Goetzen,en,15221,3750,25882,13.8037333333333,4,7,2.98880469458522,0,0.246686289768954,0.000530630921714307,0.00469774461779986,0.411748399759803,2.32981753176009,16,-0.162843301374633,-0.0810646861072316,True,2,0
Nietzsche,Geburt,en,23121,4858,40603,16.7159324825031,6,7,3.03562717092968,0,0.0690241709066085,0.000419198346567067,0.0023115159346768,0.384944552429764,2.37330542777145,31,0.272851552789437,-0.0644289752574629,True,2,0
Hesse,Siddhartha,de,17052,3477,26788,15.4086856485476,4,6,2.93936481491226,0,0.137956455045822,0.000558090594219357,0.0038058832495196,0.437849416387354,2.26251965201186,19,-0.168576983150812,-0.0973105596852046,True,2,0
Hesse,Camenzind,en,23906,5281,41779,15.8223821245976,4,9,3.05292787752549,0,0.102286425095038,0.000388885750620476,0.00266930973696196,0.387273201714825,2.85072694764524,73,0.139218291401164,-0.0720098114965987,True,2,0
Hesse,Camenzind,de,22819,6514,41685,12.7985876573534,4,9,3.18637480005625,0,0.0856121588749391,0.000335745515979154,0.00234696265017682,0.401648404874623,3.01832001955342,96,0.222923931327009,-0.0724043373229814,True,2,0
Kafka,Prozess,de,37311,5638,53580,19.0067399787159,6,5,2.75722905399465,0,0.136873976675877,0.000311786560325524,0.00343215342052486,0.476868816003548,2.73803935209865,107,0.133307456981197,-0.150669423344261,True,2,0
Nietzsche,Zarathustra,de,44251,7396,65493,17.7103839913467,4,7,3.05278057214195,0,0.0791855497434361,0.000277627883708676,0.00224824165386091,0.479763844901996,2.36054912934466,55,-0.0762579335265328,-0.13212097417081,True,2,0
Nietzsche,Geburt,de,21351,5910,38147,12.9093062605753,4,6,3.100232087392,0,0.191726091387604,0.000355489520547055,0.00318108679317371,0.4104319207777,2.46770336236023,30,0.133469077414134,-0.0783775449518341,True,2,0
Nietzsche,Jenseits,en,32188,6074,53562,17.6364833717484,5,7,2.95823923842617,0,0.127634216111801,0.000322503168383757,0.00283054676566934,0.40929173524507,2.1549746769102,15,0.11390868859125,-0.0982692435996895,True,2,0
Kafka,Verwandlung,de,9732,2769,16860,12.1776814734561,4,6,2.91471222473421,0,0.207604384092355,0.00069198128830293,0.00573938615940212,0.448848663446073,2.69063687390443,40,0.0666309265828552,-0.117465736824605,True,2,0
Kafka,Verwandlung,en,10558,1920,16479,17.165625,7,5,2.75784045509814,0,0.11956824199788,0.00091649658764241,0.00511213958579924,0.43659728682857,3.03668431347192,60,0.225410971230995,-0.126292727926938,True,2,0
Kafka,Schloss,de,54134,7277,78039,21.4481242270166,7,5,2.77502694558371,0,0.122227472399081,0.000243989958155836,0.00249192598880855,0.477377300971216,2.8370970736536,155,0.216625050372855,-0.16389620357424,True,2,0
Nietzsche,Menschliches,en,43121,6124,72916,23.8131939908557,8,10,2.8853334639029,0,0.0587204985752809,0.000307960382865551,0.00179860799630883,0.399025787153377,2.32821507033781,51,0.297004467854485,-0.0950593965177934,True,2,0
Austen,Stolz,en,59083,4269,80353,37.6448817053174,11,5,2.60598058451077,0,0.0746810074648599,0.000376372295409133,0.00239199368682099,0.445305674048354,2.88776936824798,154,0.787910702830141,-0.160581451053641,True,2,0
Austen,Anna,de,78855,5558,66698,24.0007196833393,6,6,2.41839736997636,0,0.232001809708042,0.00025529110330748,0.00418901579022826,0.69243367387056,2.10707917923863,24,-0.0450748293932446,-0.280406294800281,False,2,0
Austen,Mansfield,de,161619,9787,128964,26.3541432512517,7,4,2.42138590188886,0,0.217798765874009,0.000145261717106679,0.00307519812564601,0.699688299412412,2.14183663532334,37,0.000289302630026678,-0.265833647527822,False,2,0
Hesse,Steppenwolf,de,68691,8093,70838,17.5059928333127,4,4,2.48349736097403,0,0.262829535864212,0.000183351546282787,0.00426131174632502,0.655912555082269,2.12491368226295,17,-0.396624106896491,-0.213390043142476,False,2,0
Hesse,Siddhartha,en,40852,2828,34208,24.1923620933522,8,4,2.35520233513068,0,0.161631409840919,0.000479547889288987,0.00539282510704428,0.670937857452805,2.50915715536857,93,-0.121316876162902,-0.301402540785756,False,2,0
Hesse,Demian,de,48187,5250,46837,17.8426666666667,4,4,2.45026952979706,0,0.228148834668625,0.000276347090281452,0.00498440779992604,0.680477145785155,2.14938755014664,31,-0.340344008660295,-0.248464854039901,False,2,0
Nietzsche,Jenseits,de,58394,7528,62532,16.6131774707758,4,6,2.49644552723903,0,0.316187696238585,0.000198836769497612,0.004756802827843,0.649438371159391,2.13035859879456,23,-0.44286432564892,-0.201487355164546,False,2,0
Hesse,Demian,en,54735,4074,46988,23.0672557682867,7,4,2.35559121631598,0,0.148115873437703,0.000332905504989189,0.00469950683048016,0.693088077053064,2.26944403890814,51,-0.114422893709189,-0.302131920314805,False,2,0
Nietzsche,Goetzen,de,25396,4202,29733,14.151832460733,4,6,2.50049981300207,0,0.425936934544683,0.000357261860238589,0.00713202858777932,0.625144866989648,2.14704895348115,11,-0.579340747885224,-0.18901142589208,False,2,0
Kafka,Amerika,en,102938,5477,74681,27.2707686689794,7,4,2.37385471324203,0,0.166597388696299,0.000250932367715439,0.00368727780963009,0.725373214824847,2.00255213679425,18,0.104035971406706,-0.314239283246141,False,2,0
Kafka,Schloss,en,132374,5204,82847,31.8397386625673,8,4,2.36502894105763,0,0.147187773259996,0.000262404640726187,0.00348536378840496,0.741173993375208,2.23013280264843,80,0.11126429610668,-0.334865703900582,False,2,0
Austen,Verstand,en,124984,4802,83812,34.9071220324865,8,4,2.30149261733182,0,0.114544249760913,0.000271144295277463,0.00363143546739713,0.726497081824087,2.23353171591492,53,0.0473619289230455,-0.333153595592229,False,2,0
Hesse,Steppenwolf,en,76992,5870,66060,22.5076660988075,7,4,2.34884164566342,0,0.237620774646132,0.000229863947795403,0.00448228759422737,0.686424420425723,2.10396417247219,11,-0.145961909205587,-0.269112610798962,False,2,0
Nietzsche,Zarathustra,en,93390,6410,76152,23.7603744149766,6,5,2.45317575786196,0,0.211252270176431,0.000226775243112041,0.00379513362127864,0.699797073521629,2.11706361264944,43,-0.230064893304229,-0.27804286245889,False,2,0
Nietzsche,Menschliches,de,81546,8773,83379,19.0080930126525,4,10,2.47466701948819,0,0.367631481782723,0.000168129861987024,0.00448336373557175,0.65603493816506,2.18105277207437,38,-0.315069029359575,-0.192438657394438,False,2,0
Austen,Stolz,de,95382,6419,84084,26.1984732824427,7,5,2.41495626080081,0,0.191632402870436,0.000220501209412624,0.00360351521557522,0.667252555774606,2.21688709638047,45,0.115571401437785,-0.274054601306226,False,2,0
Austen,Anna,en,85217,4708,66337,28.1805437553101,7,4,2.36770331935715,0,0.142760165000486,0.000290629689621154,0.00407292585291576,0.708867484798137,2.07761792798018,26,0.0948614424450518,-0.305033791263547,False,2,0
Kafka,Amerika,de,92182,7341,80047,21.8082005176407,4,4,2.44154921761879,0,0.297593073963,0.000196423111816158,0.00410403174713775,0.700375042774166,2.14183272929336,43,-0.207042345991437,-0.241853265448217,False,2,0
Austen,Verstand,de,117680,7243,94997,26.231395830457,7,6,2.41120177247005,0,0.192618800624935,0.000194890453317228,0.00342461069558459,0.694372606539686,2.12279765454186,26,0.0357353432656554,-0.2817227697844,False,2,0
Kafka,Prozess,en,89370,3476,56570,32.5489067894131,8,4,2.30093533458619,0,0.149385632360216,0.000374477643807192,0.00427806234948064,0.723609938173888,2.22542950532129,51,0.219947974200869,-0.343301054787371,False,2,0
Austen,Mansfield,en,164330,6528,106149,32.5211397058824,7,4,2.37030616789385,0,0.122203815522176,0.000209976427810887,0.0032576025225676,0.742353865283745,2.24283390907784,76,-0.00340146720310868,-0.309829345688448,False,2,0
Nietzsche,Goetzen,en,30972,3859,32634,16.9131899455818,4,6,2.46387021727937,0,0.218153594769086,0.000379535965071135,0.00546981726022175,0.649848546658896,2.23089653238197,27,-0.318400227064537,-0.270269559374227,False,2,0
Nietzsche,Geburt,en,47419,4965,46913,18.8974823766365,6,6,2.40206084006255,0,0.264514183907288,0.000282502687902992,0.00523726599549899,0.655452202778191,2.27865946792368,48,-0.157444546794749,-0.244693739142607,False,2,0
Hesse,Siddhartha,de,35212,3599,33965,18.8746874131703,4,4,2.43132449397268,0,0.257301505747871,0.000397921738663519,0.00602988967256722,0.655077881514901,2.37011630239174,63,-0.390956363501656,-0.242956258292639,False,2,0
Hesse,Camenzind,en,48269,5413,51029,18.8542397930907,6,8,2.47520347732574,0,0.197132939109713,0.000272630470768017,0.00442699860962854,0.636610481595495,2.15610180929974,11,-0.123395824857336,-0.260595481280785,False,2,0
Hesse,Camenzind,de,45503,6636,51773,15.6036769138035,4,8,2.48174089129514,0,0.271639910050894,0.000223355576016752,0.00507815061227919,0.636320963886009,2.18734787572756,14,-0.392375537811174,-0.209293624683569,False,2,0
Kafka,Prozess,de,74861,5759,63953,22.2097586386525,6,4,2.41716410353313,0,0.2835802461933,0.000246163644872873,0.00447582645273178,0.702334174941796,2.16331940957789,39,-0.156672708806475,-0.263270033552698,False,2,0
Nietzsche,Zarathustra,de,88323,7525,76609,20.361196013289,4,7,2.64157557388892,0,0.20225386046735,0.000218207573293755,0.00372057751611076,0.676872249947263,2.00111864378548,10,-0.296916804772814,-0.225469729810814,False,2,0
Nietzsche,Geburt,de,42266,6036,46767,15.4960238568588,4,5,2.43700728520344,0,0.433853916773199,0.000238151687968751,0.00610602924471273,0.638557887242434,2.17245574007378,17,-0.484793352837095,-0.184502146445647,False,2,0
Nietzsche,Jenseits,en,64463,6181,61987,20.0572722860379,6,6,2.4285567683406,0,0.231006803417842,0.000231195463398706,0.00447838168621474,0.656908748923192,2.12553521245808,11,-0.156276985478992,-0.252726159243255,False,2,0
Kafka,Verwandlung,de,19504,2881,22569,15.6674765706352,4,4,2.47666970380655,0,0.329895327614606,0.000512910630012695,0.0072438112268781,0.642578316484075,2.14812042044183,22,-0.337249277831211,-0.232518176505372,False,2,0
Kafka,Verwandlung,en,22933,2040,22081,21.6480392156863,7,4,2.37725432497668,0,0.165874182957051,0.000675787205582277,0.00621564158285972,0.662809943407756,2.26923019601101,37,0.0383977520425191,-0.322325719206967,False,2,0
Kafka,Schloss,de,113058,7400,90425,24.4391891891892,6,4,2.42631944419078,0,0.27414691795143,0.000192797978398321,0.00382550542326604,0.713892868131331,2.05134827064698,22,-0.135447964886638,-0.261954619722378,False,2,0
Nietzsche,Menschliches,en,88830,6236,79118,25.3745991019885,7,10,2.37644599765544,0,0.207300662431766,0.0002207965989181,0.0041685719766373,0.676702182217142,2.31603934271031,91,0.00763835775226024,-0.254960670146397,False,2,0
Austen,Stolz,en,126894,4380,83045,37.9200913242009,10,4,2.26247814131581,0,0.122751555679921,0.000288368693767886,0.00382464817024613,0.713427199124642,2.27451248358375,65,0.451870201468451,-0.330553460944473,False,2,0
Austen,Anna,de,78855,5558,35793,12.8798128823318,3,10,2.72645052552619,0,0.248822032950553,0.000310736235695859,0.0046812343014787,0.497804188510261,2.09327624529061,13,-0.933684816170554,-0.259891535090198,False,1,0
Austen,Mansfield,de,161619,9787,68772,14.0537447634617,3,6,2.72004630574837,0,0.222328454772312,0.000175783986279854,0.00334623736195099,0.494158309697147,2.14158901508972,23,-0.909980939897801,-0.244176992773906,False,1,0
Hesse,Steppenwolf,de,68691,8093,38282,9.46052143828,2,6,2.80075944871956,0,0.264852967899408,0.000222563273849902,0.00455309449574999,0.445084469251012,2.14673384101662,8,-1.16948372647978,-0.210969602399755,False,1,0
Hesse,Siddhartha,en,40852,2828,18532,13.1060820367751,4,5,2.62321051449225,0,0.177211066551985,0.000574384470804052,0.00622485868914094,0.508932523267598,2.19535837761994,20,-0.852871959158198,-0.311714501553085,False,1,0
Hesse,Demian,de,48187,5250,25639,9.7672380952381,2,6,2.75055058106306,0,0.249858086439292,0.000333565278403784,0.00544974074374797,0.499248389570927,2.15563377332354,19,-1.12030382878875,-0.244390493314451,False,1,0
Nietzsche,Jenseits,de,58394,7528,33588,8.92348565356004,2,8,2.81400359343981,0,0.314541673868264,0.000241031569683738,0.00510283862815386,0.460179011285732,2.12945845165958,10,-1.22306448322729,-0.209282609412112,False,1,0
Hesse,Demian,en,54735,4074,25347,12.4432989690722,4,5,2.6375732956991,0,0.189109825026256,0.00040215454216579,0.00531059142940417,0.539412633975599,2.22054485938992,19,-0.935486401100755,-0.316637271832216,False,1,0
Nietzsche,Goetzen,de,25396,4202,15923,7.57877201332699,2,9,2.8525714226152,0,0.426980102493674,0.000441088433956001,0.00738972294835779,0.40499950197703,2.15415765560418,19,-1.26349380743316,-0.192249841651981,False,1,0
Kafka,Amerika,en,102938,5477,39870,14.5590651816688,4,6,2.67156051876677,0,0.16458183507736,0.000305307857308999,0.00407207577791415,0.538338819797236,2.19031209953428,31,-0.853964778617748,-0.314708753158007,False,1,0
Kafka,Schloss,en,132374,5204,44843,17.2340507302075,4,5,2.63875102801656,0,0.144565997721863,0.000315023265670235,0.00387350914548819,0.582273229898891,2.18632531947178,40,-0.77986585285282,-0.330171104416931,False,1,0
Austen,Verstand,en,124984,4802,44855,18.6817992503124,4,6,2.5396388941253,0,0.13746612664829,0.00032075810294277,0.00429881919825026,0.608194313892627,2.21354051033379,26,-0.659012773493487,-0.343180639909207,False,1,0
Hesse,Steppenwolf,en,76992,5870,35687,12.1591141396934,4,6,2.61472194009874,0,0.289734267105034,0.000275174154754387,0.00511692974478028,0.551328815324746,2.14071632319516,10,-1.00931417705851,-0.269872895764743,False,1,0
Nietzsche,Zarathustra,en,93390,6410,41178,12.8480499219969,3,7,2.70209117492489,0,0.260253074875403,0.000265619721430226,0.00437871336174102,0.548497400602122,2.08751411417074,22,-0.989474273125773,-0.258878688678466,False,1,0
Nietzsche,Menschliches,de,81546,8773,44481,10.1404308674342,2,17,2.8041326482109,0,0.370018154869617,0.000205692925346129,0.00471745793235908,0.468046602590623,2.21859240061096,49,-1.12869644317707,-0.191490866047485,False,1,0
Austen,Stolz,de,95382,6419,44408,13.8364231188659,4,7,2.71590801128874,0,0.210397171254686,0.000267400344598526,0.00409074389561482,0.46809590146893,2.27340180219479,38,-0.846646997722772,-0.253184184030708,False,1,0
Austen,Anna,en,85217,4708,35464,15.0654205607477,4,6,2.63483632811379,0,0.165863209804078,0.000347394034873308,0.0045921448119622,0.552275315791779,2.15459060329463,22,-0.830950955891026,-0.310770694026403,False,1,0
Kafka,Amerika,de,92182,7341,43055,11.7300095354856,2,6,2.76119009096386,0,0.289930656306916,0.000239976848475794,0.0042584111115131,0.478345848225005,2.06125081640713,8,-1.03597061031441,-0.22525482801884,False,1,0
Austen,Verstand,de,117680,7243,50665,13.9900593676653,4,10,2.71593763853857,0,0.205220176536112,0.000236975229738788,0.00381425833677305,0.500249203547853,2.24565477196585,44,-0.867705376613474,-0.262616311234205,False,1,0
Kafka,Prozess,en,89370,3476,30505,17.5517836593786,4,5,2.57916748764395,0,0.149635426279664,0.000454567497882541,0.00481451102877663,0.560605209635403,2.18457770267735,28,-0.698192610921268,-0.339393011989193,False,1,0
Austen,Mansfield,en,164330,6528,56867,17.422487745098,4,6,2.61653196976661,0,0.157771626573814,0.000247706400515877,0.00366506071988756,0.611831787086343,2.2015486066894,39,-0.761698595287577,-0.31388015552182,False,1,0
Nietzsche,Goetzen,en,30972,3859,17358,8.99611298263799,2,11,2.80497033118301,0,0.211278501441323,0.000467972603366091,0.00603178214402269,0.424806002752307,2.23262885581617,16,-1.15491160835343,-0.292237981174601,False,1,0
Nietzsche,Geburt,en,47419,4965,24930,10.0422960725076,3,10,2.75364830201418,0,0.275461439822611,0.000353344409029655,0.00569805989476188,0.448137099018576,2.28102085467667,26,-1.05876615130686,-0.252347225111019,False,1,0
Hesse,Siddhartha,de,35212,3599,18712,10.3984440122256,2,6,2.72482705884116,0,0.263265952669969,0.000479518225977524,0.00658736698821071,0.459473598916499,2.31673016587733,31,-1.00906952794598,-0.245188394086997,False,1,0
Hesse,Camenzind,en,48269,5413,27027,9.98595972658415,2,14,2.81568638856199,0,0.242327667398057,0.000335554682787283,0.00498474241989579,0.41802767322487,2.25037906422871,18,-1.11381103023638,-0.265980071358559,False,1,0
Hesse,Camenzind,de,45503,6636,27768,8.36889692585895,2,12,2.84155629838478,0,0.30795376789002,0.000277593653660654,0.00552328794861559,0.407001071959307,2.20107306467451,9,-1.25898847358841,-0.209303496687783,False,1,0
Kafka,Prozess,de,74861,5759,34324,11.9201250217052,3,6,2.73413961420519,0,0.284452797623399,0.00030122279211485,0.00475338541911945,0.49472529848582,2.13303895936839,21,-1.00614050863201,-0.242179895074671,False,1,0
Nietzsche,Zarathustra,de,88323,7525,41593,11.0546179401993,2,11,2.94830568316492,0,0.249904148854587,0.000258979886104602,0.00423921620069021,0.499784094165722,2.11708284230161,22,-1.07740274373029,-0.21211902932737,False,1,0
Nietzsche,Geburt,de,42266,6036,24751,8.20112657388999,2,6,2.79278101070462,0,0.430778269342398,0.000297113193686546,0.00630797250721049,0.411064510111767,2.1970195507725,8,-1.23750337689594,-0.184336996789334,False,1,0
Nietzsche,Jenseits,en,64463,6181,33365,10.795987704255,3,9,2.73132912270561,0,0.282096473579663,0.000280195682587087,0.00507629935858955,0.495803576196226,2.23357422371884,28,-1.04966832446106,-0.260611512213926,False,1,0
Kafka,Verwandlung,de,19504,2881,12032,8.35265532801111,2,6,2.86424539126075,0,0.309174507669387,0.000647532265113147,0.00739844067593319,0.366556831723645,2.14615230768916,11,-1.16516884305367,-0.224264931493651,False,1,0
Kafka,Verwandlung,en,22933,2040,11662,11.4333333333333,4,6,2.69764686649549,0,0.175204795916446,0.000832996499752451,0.00716030744858459,0.446110378218466,2.19923062972511,15,-0.906020895790513,-0.317249937677681,False,1,0
Kafka,Schloss,de,113058,7400,48976,13.2367567567568,3,5,2.72757461746109,0,0.274184263204014,0.000233519142668436,0.0040543854486393,0.512835428666474,2.03488039564428,10,-0.99962662230891,-0.240063214116736,False,1,0
Nietzsche,Menschliches,en,88830,6236,42429,13.6077613855035,4,15,2.6701556474474,0,0.218856553159256,0.000267910755124702,0.0046411624946109,0.523619064557438,2.26643748530809,29,-0.86712011205798,-0.265791976057635,False,1,0
Austen,Stolz,en,126894,4380,44320,20.2374429223744,5,8,2.50737037813308,0,0.148353657793724,0.000344305705375303,0.00439957155411619,0.6044119852759,2.21438244169319,27,-0.597235044744175,-0.339022540537482,False,1,0
